24	Sabrina Sellars	2906103822	Neurology
37	Anita Syed	1722657880	Neurology
16	Katherine Crompton	1891326752	Dental
63	Clare Malpas	8437558047	Gynaecology
38	Emma Campbell	4255297700	Cardiology
62	Aisha Awan	3459405008	Cardiology
49	Babar Farooq	2188548862	Dental
11	Kish Iqbal	9580728711	Dental
41	Sameer Butt	7506364158	Cardiology
12	Rebecca O'Reily	4511149553	Cardiology
51	Fiona Lord	1732945089	Pediatrics
26	Jade Vanden	2249467188	Dental
35	Lindsey Lynos	3198592494	Gynaecology
79	Jamie Gorman	2597759021	Dental
68	Deborah Bushell	5575503094	Pediatrics
27	Gillian Oliver	7582517695	Gynaecology
99	Stephen Richard Williams	8295184631	Pediatrics
56	Paula Clarke	7617639440	Cardiology
72	Allison Kirton	1177862788	Dental
64	Elaine Ross	3901442629	Neurology
23	Vijay Dharani	4484844667	Dental
71	Clare Hodges	9912264611	Dental
36	Kevin George Hall	3321258622	Cardiology
63	David Christopher Hazelton	4044199263	Cardiology
4	Pamela Susan Burrows	6224336703	Neurology
5	Mark Charles Glyn Hulyer	1154098422	Neurology
58	Richard Mark Craven	2417270671	Cardiology
80	Charlotte Louise Saha	5488635192	Pediatrics
53	Catherine McTernan	9924431533	Gynaecology
41	Zimnako Rashid	3129799354	Pediatrics
71	Shareen Rahman	8056855049	Pediatrics
45	Graham Wynn	5269935707	Neurology
57	Philip Kester	5744011694	Dental
95	Penny Hyde	1224518630	Dental
71	Amjid Raja	8970471825	Neurology
79	Paula Stenson	2937188867	Dental
60	Stephanie Raper	2205726525	Neurology
71	Katie McLaren	3475314703	Gynaecology
35	Kathleen Buckley	6251669712	Pediatrics
18	Tracey Bulmer	2143931868	Gynaecology
60	Karen Gaffney	8965926516	Neurology
67	Leanne Richardson	6728999294	Gynaecology
29	Sharon Stubbs	5335611459	Pediatrics
3	Carole Wanley	7425810170	Pediatrics
45	Richard Stewart Murphy	9771587177	Cardiology
85	William Gary Scott	5409699239	Gynaecology
7	Murali Alagarsamy	1061499784	Dental
16	Paul Hendrie	5802117860	Pediatrics
48	Yvonne Gall	1916978320	Pediatrics
64	Gillian Winn	5240770834	Gynaecology
84	Liz Savage	8362477787	Neurology
25	Virginia Turner	7669078000	Gynaecology
82	Lynfa Lovell	3801926548	Cardiology
40	Angela Fuller	5737900775	Neurology
72	Zoe Lyall	5553142495	Gynaecology
20	William Gary Scott	8019126297	Pediatrics
21	Richard Stewart Murphy	4857467064	Gynaecology
57	Paul Hendrie	7765298893	Neurology
54	Murali Alagarsamy	6502667409	Cardiology
47	Liz Savage	2606922071	Neurology
60	Virginia Turner	5868541921	Gynaecology
35	Kevin Cooper	5727210560	Pediatrics
46	Philippa Allan	8974502944	Dental
13	Nicola Jane Thomas	8582727668	Gynaecology
69	Angela Joy Halloway	9752135131	Cardiology
62	Sarah Jane Lee	4575139049	Dental
78	Julie-Anne Birch	8477556322	Neurology
17	Karthikeyan Shanmugam	2321912415	Neurology
98	Kirsty Solomon	5278613425	Gynaecology
72	Jessica Burford	5674854222	Cardiology
97	Barbara Carter	2181183363	Dental
54	Yvonne Wright	8944562777	Pediatrics
0	Kath Herlingshaw	1018472470	Dental
36	June King	4511564638	Cardiology
57	Sarah Cocks	6981307619	Dental
59	Karen Tennant	1262086361	Cardiology
94	Angela O'Hare	8244670997	Neurology
2	Jayne Smith	6068302990	Dental
68	Beverley Turner	6756760870	Cardiology
88	Judith Wheeler	3532466549	Gynaecology
56	Karen Brooks	2316098942	Dental
70	Helen Almond	4102123797	Neurology
33	Roz Sherburn	3176762051	Pediatrics
90	Sheila Kirkbright	4009857906	Pediatrics
96	Lisa Nilsen	5385357460	Dental
15	Ann-Marie  Jackson	3108796842	Neurology
90	Nicky Sibson	1277356353	Gynaecology
23	Simran Gandhi	6936247868	Dental
9	Lucy Falcus	8893317685	Dental
30	Claire Green	1636694415	Pediatrics
23	Rupert Smith	6483856512	Gynaecology
61	Anthony McKenna	4292128956	Dental
61	Iain Charles Bonavia	4298237055	Gynaecology
89	Tracey Ann Wightman	3263749263	Dental
63	Jonathan Berry	7604520890	Gynaecology
60	Tracey Horner	6942210248	Neurology
56	Jenny Barrett	5443553320	Cardiology
44	Jan Elliott	8098770858	Pediatrics
5	Karen Gray	7299654273	Dental
14	Michael Inglis Smith	4967776320	Neurology
47	Christopher George Heggs	8954199109	Neurology
84	Randhir Ramchander	9321191602	Neurology
29	Evelin Margaret Schock	9197276782	Gynaecology
53	Alexandra Jane Thomas	5506218811	Neurology
90	Joanna Susan Kierstan	8353695599	Gynaecology
33	Prem Mathiazhagan	9517390184	Pediatrics
8	Christopher Booth	7242068891	Neurology
86	Louise Stonehouse	5817494154	Gynaecology
59	Melissa Wright	9180144592	Gynaecology
51	Srinath Veeraswamy	4978819428	Cardiology
42	Anuradha Gongloor	7040579387	Gynaecology
9	Ramendra Nath Bhattacharyya	2715111877	Neurology
19	Denise Lunn	1637681812	Dental
20	Catriona Currie Davidson	8124927924	Dental
1	Isabel Alvarez Perez	1825438638	Pediatrics
45	Brian Patrick Corbett	8299853831	Cardiology
78	Melanie Jane Brown	4609505527	Cardiology
59	Helen Ruth Land	1135818458	Dental
81	Leslie Elder	1800718218	Neurology
12	Tracy Doyle	9013949771	Gynaecology
43	Oonagh Murphy	4111940637	Neurology
95	Gail Woodhouse	1600319632	Dental
4	Julie Taylor	8130175875	Cardiology
89	Carole Jevons	8637669555	Gynaecology
43	Elaine Duncan	7775257347	Dental
34	Carol Pearson	5202713607	Cardiology
47	C Brash	7934398691	Neurology
68	C Parkash	2508766935	Neurology
70	J Howe	9425973914	Dental
82	S Pradeep	7507039864	Pediatrics
1	S Sayammagaru	2457903452	Gynaecology
9	P Sunkavalli	9465093697	Cardiology
80	Sonia Oliver	9999905857	Neurology
21	Julie Sharpe	3955246178	Neurology
67	Stephanie Greig	2473839536	Neurology
29	Adeniyi Olugbenga Adebayo	2840750205	Neurology
48	Tennyson Nadah	7262548576	Gynaecology
94	Lynn Robinson	2512262029	Gynaecology
4	Christine Tinkler	6087651444	Cardiology
30	Emma Taylor	2397233645	Gynaecology
1	Linda Smith	9032505652	Gynaecology
7	John Christopher Robert Saxton	2385860662	Neurology
88	Lisa Helen Roberts	4726733452	Pediatrics
79	Brian William Clements	9060756131	Cardiology
98	Linda Campbell	9791421750	Cardiology
28	Sheila Porter	2584699298	Gynaecology
34	Linda Smith	8450665792	Gynaecology
30	John Christopher Robert Saxton	6849271455	Gynaecology
5	Lisa Helen Roberts	6596563585	Dental
95	Brian William Clements	2668648931	Neurology
89	Linda Campbell	5334303134	Neurology
99	June Hume	3617371539	Dental
52	Sheila Porter	3957244168	Dental
47	William Entwistle	7320885060	Pediatrics
53	Mukul Hazarika	4558876554	Dental
41	Colin Wilson	6467495958	Gynaecology
91	Kim Caroline Sutcliffe	6845004854	Gynaecology
22	Justine  Magor	1577037676	Neurology
82	Ruth Barker	7749951871	Dental
67	Sara Ramrekha	5308377530	Cardiology
61	Denise Lunn	4022909961	Cardiology
89	Bryony Coapes	5761327223	Cardiology
51	Inder Basson	5620431063	Dental
35	Michael Lau	5505136764	Gynaecology
51	Max Patrick	3696895973	Neurology
56	Shenaz Ismail	8915349092	Cardiology
20	Rashmi Ramesh	6726370913	Gynaecology
58	Ron Gray	4223170002	Cardiology
85	Stephen Doyle	7012221013	Cardiology
72	Anne Clements	3031382711	Cardiology
45	Sue Whitlock	7481244194	Dental
91	Suzy Brown	7509100614	Dental
34	Diane Buckingham	5417255528	Pediatrics
84	Indu Priya Pemmasani	2819908139	Gynaecology
2	Bhadresh Ramanl Contractor	3913677862	Neurology
18	Annette Barwick	4647617239	Gynaecology
16	Catherine Milburn	2923289208	Pediatrics
47	Avril Hellerman-Jackson	2521284958	Pediatrics
99	Sahil Chaudhry	4464686819	Pediatrics
95	Rachel Mary Emison	8316128210	Pediatrics
52	Rajendra Bhailalbhai Patel	4435428773	Gynaecology
13	Jackie Sinclair	9436592335	Pediatrics
15	Susan Capewell	7887472969	Cardiology
71	Ali Tahmassebi	6222458543	Gynaecology
19	Jorg Schmidt	7388551867	Pediatrics
8	Angel Carrasco	7644584662	Dental
83	Nicola Miller	7382489209	Dental
72	murali Alagarsamy	3770497908	Cardiology
76	Margaret Vicki Nath	6971388124	Neurology
53	Asokan Jayalalitha	1700891832	Pediatrics
88	Rajesh Kumar Khapra	9102360572	Neurology
52	Nicola Jacqueline Mayes	6532744185	Cardiology
77	Christina Pearson	7996376213	Dental
99	Gillian Nodding	5055492524	Neurology
27	Daniel Thomas Donovan	3346896337	Pediatrics
98	Hilary Ruth Barton	3537837590	Gynaecology
69	Roger John Wheeler	6540383006	Cardiology
57	John Edwin Booth	3127569367	Pediatrics
21	Pamela Donaldson	9273383476	Pediatrics
69	Helen Woodhouse-Macleod	4676889079	Neurology
29	Mary Robinson	1187361765	Pediatrics
19	Hanif Mohammed	1742107035	Dental
39	Ranjta Chaudhury	5753285192	Cardiology
25	Ajai Majupuria	6862109673	Dental
82	Anees Ahmed	6426908581	Gynaecology
30	Bernie Convery	4237453524	Neurology
32	Jesus-Enrique Gonzalez-Castro	1074388582	Neurology
50	Michael James Betterton	9403131458	Dental
67	Peter Henry Lavelle	6234135978	Dental
46	Alison Kate Harvie	9589668541	Dental
54	Francesca Clare Hood	4603936096	Dental
71	Sheila Bladen	2822807976	Neurology
29	Michael James Betterton	7287010148	Dental
58	Alison Kate Harvie	1562464558	Gynaecology
57	Jesus-Enrique Gonzalez-Castro	7588335950	Cardiology
35	Peter Henry Lavelle	4854374101	Pediatrics
75	Francesca Clare Hood	6220848417	Cardiology
74	Anna Mullenheim	7750902744	Neurology
44	Sara Lord	2426888113	Gynaecology
17	Sheila Bladen	5717535528	Pediatrics
78	Teresa Foster	7088602862	Dental
22	Rashpal Singh	3304516560	Neurology
78	Melanie Anne Malden	7389124216	Dental
72	John Timothy Canning	5041169376	Pediatrics
66	Nigel Timothy Rowell	9617828456	Neurology
4	Debra Peacock	2709239416	Neurology
93	Stephen Donlan	9632676840	Dental
63	Lesley Gooding	9661212880	Cardiology
26	Community Matron	9785800255	Gynaecology
73	Shilpa Garud	6825452029	Dental
4	Girish Chawla	1707817621	Gynaecology
94	Judith Coxon	3515617435	Cardiology
70	Sharon Singh	4340056635	Pediatrics
82	Hazel Robinson	3676235772	Dental
85	Hazel Robinson	8671903714	Neurology
21	Sharon Singh	6670152932	Neurology
18	Abigail Taylor	3824707860	Cardiology
50	Elaine Gooding	7413184695	Gynaecology
8	Central Stockton Integrated Service Authority	4086185364	Neurology
45	Simon Neil	4457539426	Pediatrics
30	Sue De Badgecoe	4335114122	Dental
19	Julia Lines	3326680669	Cardiology
85	June Desai	7113330469	Cardiology
41	Linzi Kennedy	1830245690	Gynaecology
47	Anya Heywood	4141077232	Neurology
36	Peter Heywood	9185674824	Neurology
99	Nicola Drysdale	9583072076	Gynaecology
4	Paul Edward Ellenger	3345692113	Neurology
81	Anne Jacqueline Phellas	9756752137	Pediatrics
73	Sarabjit Singh Chahal	1694410764	Gynaecology
38	Rajendra Kumar Pandey	1791806316	Pediatrics
94	Amy Micklethwaite	1762956950	Gynaecology
91	Hugh Alberti	6542879307	Dental
84	Katie Senior	6900446618	Cardiology
63	Sarah Taggart	4893449808	Neurology
27	Jane Evans	6177227265	Pediatrics
84	Lynn Graham	2643822324	Cardiology
9	Tracy Garbutt	3478722417	Neurology
76	Anne-Marie Taggart	5916356968	Gynaecology
32	Jacqueline Ferry	4203096309	Pediatrics
8	Deborah Harvey	3194599314	Pediatrics
92	Sally Bastiman	9683666795	Dental
97	Alison Bonavia	6565821376	Cardiology
50	Carol Donne	7886876363	Neurology
69	Paul Simon Mulcrone	5666536352	Pediatrics
27	Zoe Barron	6562532191	Neurology
86	Kimberley Tailor	8792516697	Gynaecology
69	Philip Albert Dillon	6217004198	Pediatrics
43	Julia Turner	5637090247	Cardiology
69	Michelle Turner	8728688234	Dental
56	Angela Bielby	9839136266	Dental
4	Pamela Adele	3782667423	Pediatrics
99	Tara Rose	2194202218	Pediatrics
21	Nicola  Vaughan	2664594514	Gynaecology
65	Gemma Norwood	4324841909	Cardiology
97	Sue Harte	1238591644	Neurology
11	Khalid Mahmood	9139891506	Pediatrics
27	Madhu Kumar Kesavalu	6220984074	Neurology
46	Saleem Sabir	9372731142	Dental
30	Gael Watson	6411685214	Pediatrics
44	Chris Clarke	7260812735	Cardiology
1	John Richard Geldart	4713791463	Pediatrics
92	John Michael Lakeman	1229515133	Cardiology
11	Helena Mary Frances Connolly	3017015234	Gynaecology
98	Edward Michael Selby	6781048213	Neurology
78	John Charles Dolan	1812960066	Pediatrics
33	Mandy Jane Hough	7476107008	Dental
32	Helen Bell	3367477077	Cardiology
17	D Geldart	4642281268	Neurology
7	Barbara Murphy	7186008188	Gynaecology
73	Mandy Jane Hough	7603830892	Gynaecology
2	John Charles Dolan	7752797325	Gynaecology
76	Edward Michael Selby	4817893398	Cardiology
71	John Michael Lakeman	9656198974	Gynaecology
85	John Richard Geldart	7050433874	Pediatrics
3	Helena Mary Frances Connolly	8952520617	Neurology
9	Helen Bell	8186085136	Dental
18	Barbara Murphy	3445261724	Cardiology
19	D Geldart	9351117549	Neurology
76	Amanda Jean Smith	9001790770	Gynaecology